"id","slug","title","summary","scene","mechanisms","category_legacy","level","duration_min","status","entry_content","entry_simulation","seed_pattern","source_seq","manifest_path"
"e61efd18df3a437481353bf4fea33613","u-001-e61efd18","康威生命游戏","4条生死规则：孤独死、拥挤死、存活、繁殖","自然与物理","涌现;反馈","涌现与自组织","S级","15","draft","../../ExportBlock/康威生命游戏 e61efd18df3a437481353bf4fea33613.md","./simulation.ts","stable","1","model_library\units\e61efd18df3a437481353bf4fea33613\manifest.json"
"4eff011bcab74926a5fbec2892de0422","u-002-4eff011b","Langton蚂蚁","2条转向规则，约1万步后涌现高速公路","自然与物理","涌现;反馈","涌现与自组织","A级","8","draft","../../ExportBlock/Langton蚂蚁 4eff011bcab74926a5fbec2892de0422.md","./simulation.ts","oscillator","2","model_library\units\4eff011bcab74926a5fbec2892de0422\manifest.json"
"447ecc673ac9411b9177afd659d9d58a","u-003-447ecc67","Boids鸟群模拟","分离、对齐、聚合三条规则产生群体行为","自然与物理","涌现;反馈","涌现与自组织","A级","10","draft","../../ExportBlock/Boids鸟群模拟 447ecc673ac9411b9177afd659d9d58a.md","./simulation.ts","oscillator","3","model_library\units\447ecc673ac9411b9177afd659d9d58a\manifest.json"
"93b3d9f0b7fb4e7d93824b3ab08d1ea2","u-004-93b3d9f0","蚁群觅食","信息素正反馈机制涌现最短路径","自然与物理","涌现;反馈;编码与信息","涌现与自组织","A级","10","draft","../../ExportBlock/蚁群觅食 93b3d9f0b7fb4e7d93824b3ab08d1ea2.md","./simulation.ts","oscillator","4","model_library\units\93b3d9f0b7fb4e7d93824b3ab08d1ea2\manifest.json"
"fcc4086413cb4e42b8ec6d5f4771f9df","u-005-fcc40864","贝纳德对流","温差驱动流体自组织形成六角花纹","自然与物理","涌现;反馈","涌现与自组织","A级","10","draft","../../ExportBlock/贝纳德对流 fcc4086413cb4e42b8ec6d5f4771f9df.md","./simulation.ts","oscillator","5","model_library\units\fcc4086413cb4e42b8ec6d5f4771f9df\manifest.json"
"fca6d3cec952430991e67ec037697235","u-006-fca6d3ce","反应扩散(图灵斑图)","两种化学物质的扩散与反应产生动物花纹","自然与物理","涌现;反馈;编码与信息","涌现与自组织","S级","15","draft","../../ExportBlock/反应扩散(图灵斑图) fca6d3cec952430991e67ec037697235.md","./simulation.ts","stable","6","model_library\units\fca6d3cec952430991e67ec037697235\manifest.json"
"dc4a886870bb43b39fb9d8d6ede9d795","u-007-dc4a8868","沙堆模型(自组织临界性)","沙粒堆积超过阈值触发雪崩，系统自动趋向临界态","自然与物理","涌现;反馈","涌现与自组织","B级","6","draft","../../ExportBlock/沙堆模型(自组织临界性) dc4a886870bb43b39fb9d8d6ede9d795.md","./simulation.ts","random","7","model_library\units\dc4a886870bb43b39fb9d8d6ede9d795\manifest.json"
"2aad16c5e84248079e946b4081d05643","u-008-2aad16c5","谢林隔离模型","个体微小的同类偏好导致极端的群体隔离","自然与物理","涌现;反馈","涌现与自组织","A级","8","draft","../../ExportBlock/谢林隔离模型 2aad16c5e84248079e946b4081d05643.md","./simulation.ts","oscillator","8","model_library\units\2aad16c5e84248079e946b4081d05643\manifest.json"
"c15a97ed0d0546cb912a0231e8062bb4","u-009-c15a97ed","幽灵堵塞","Nagel-Schreckenberg跟车模型，无瓶颈也能产生堵车","自然与物理","涌现;反馈;随机性","涌现与自组织","S级","15","draft","../../ExportBlock/幽灵堵塞 c15a97ed0d0546cb912a0231e8062bb4.md","./simulation.ts","stable","9","model_library\units\c15a97ed0d0546cb912a0231e8062bb4\manifest.json"
"953eabd922fa415d856d14337401e2a9","u-010-953eabd9","元胞自动机(Rule 30/110)","一维简单规则生成复杂图案，Rule 110具有图灵完备性","自然与物理","涌现;反馈;编码与信息","涌现与自组织","B级","6","draft","../../ExportBlock/元胞自动机(Rule 30 110) 953eabd922fa415d856d14337401e2a9.md","./simulation.ts","random","10","model_library\units\953eabd922fa415d856d14337401e2a9\manifest.json"
"a06f59c483a748138e0acedd9b9a1697","u-011-a06f59c4","双摆","确定性系统对初始条件极度敏感，微小差异导致完全不同轨迹","自然与物理","非线性;反馈","混沌与非线性","S级","15","draft","../../ExportBlock/双摆 a06f59c483a748138e0acedd9b9a1697.md","./simulation.ts","stable","11","model_library\units\a06f59c483a748138e0acedd9b9a1697\manifest.json"
"560e6bf7a1764744976dc5ff757e4cc6","u-012-560e6bf7","洛伦兹吸引子","三个耦合微分方程产生蝴蝶形混沌吸引子","自然与物理","非线性;反馈","混沌与非线性","A级","10","draft","../../ExportBlock/洛伦兹吸引子 560e6bf7a1764744976dc5ff757e4cc6.md","./simulation.ts","oscillator","12","model_library\units\560e6bf7a1764744976dc5ff757e4cc6\manifest.json"
"dd9b63563ad5487a9da34e77fd84556c","u-013-dd9b6356","Logistic映射","x=rx(1-x) 随r增大经历倍周期分岔通向混沌","自然与物理","非线性;反馈","混沌与非线性","A级","8","draft","../../ExportBlock/Logistic映射 dd9b63563ad5487a9da34e77fd84556c.md","./simulation.ts","oscillator","13","model_library\units\dd9b63563ad5487a9da34e77fd84556c\manifest.json"
"aaa238da70274cc2944ec5e2f98a4711","u-014-aaa238da","三体问题","三个引力体的运动无解析解，轨迹混沌不可预测","自然与物理","非线性;反馈","混沌与非线性","S级","18","draft","../../ExportBlock/三体问题 aaa238da70274cc2944ec5e2f98a4711.md","./simulation.ts","stable","14","model_library\units\aaa238da70274cc2944ec5e2f98a4711\manifest.json"
"463496f09fc344d899b2f69e2576ab3c","u-015-463496f0","Mandelbrot集","z=z^2+c 迭代是否发散定义集合边界，无限缩放仍有细节","自然与物理","非线性;反馈;时空与尺度","混沌与非线性","A级","10","draft","../../ExportBlock/Mandelbrot集 463496f09fc344d899b2f69e2576ab3c.md","./simulation.ts","oscillator","15","model_library\units\463496f09fc344d899b2f69e2576ab3c\manifest.json"
"46749f888ae74cdf992d6415d898bef4","u-016-46749f88","Julia集","与Mandelbrot集对偶，不同c值对应不同形态的分形","自然与物理","非线性;反馈;时空与尺度","混沌与非线性","B级","6","draft","../../ExportBlock/Julia集 46749f888ae74cdf992d6415d898bef4.md","./simulation.ts","random","16","model_library\units\46749f888ae74cdf992d6415d898bef4\manifest.json"
"d9fbe2df0675407d99efd44b645e2047","u-017-d9fbe2df","科赫雪花与分形树","递归自相似结构，有限面积无限周长","自然与物理","非线性;反馈","混沌与非线性","B级","6","draft","../../ExportBlock/科赫雪花与分形树 d9fbe2df0675407d99efd44b645e2047.md","./simulation.ts","random","17","model_library\units\d9fbe2df0675407d99efd44b645e2047\manifest.json"
"ecfa9f6c02dc40f3b2dcfe976debf0bd","u-018-ecfa9f6c","费根鲍姆常数","倍周期分岔的比值趋向通用常数4.669...","自然与物理","非线性;反馈","混沌与非线性","B级","6","draft","../../ExportBlock/费根鲍姆常数 ecfa9f6c02dc40f3b2dcfe976debf0bd.md","./simulation.ts","random","18","model_library\units\ecfa9f6c02dc40f3b2dcfe976debf0bd\manifest.json"
"990602718ff54cea9c9f61808d0eec53","u-019-99060271","奇异吸引子合集(Rossler/Chen)","不同混沌系统的吸引子形态各异但共享混沌特征","自然与物理","非线性;反馈;认知偏差","混沌与非线性","B级","6","draft","../../ExportBlock/奇异吸引子合集(Rossler Chen) 990602718ff54cea9c9f61808d0eec53.md","./simulation.ts","random","19","model_library\units\990602718ff54cea9c9f61808d0eec53\manifest.json"
"3fc16300c9a74925bb6659bd55fd73d0","u-020-3fc16300","囚徒困境锦标赛","重复博弈中以牙还牙策略胜出，合作可以从自私中涌现","日常决策","博弈;策略与风险;涌现","博弈与策略","S级","18","draft","../../ExportBlock/囚徒困境锦标赛 3fc16300c9a74925bb6659bd55fd73d0.md","./simulation.ts","stable","20","model_library\units\3fc16300c9a74925bb6659bd55fd73d0\manifest.json"
"3ba700ec6e8f4611a4e573d4c59c9b49","u-021-3ba700ec","公地悲剧","个体理性最大化导致公共资源耗竭","日常决策","博弈;策略与风险","博弈与策略","A级","10","draft","../../ExportBlock/公地悲剧 3ba700ec6e8f4611a4e573d4c59c9b49.md","./simulation.ts","oscillator","21","model_library\units\3ba700ec6e8f4611a4e573d4c59c9b49\manifest.json"
"da5568c2c1e645f1afbc1c66ee15adbb","u-022-da5568c2","鹰鸽博弈(演化稳定策略)","种群中鹰派与鸽派的比例趋向演化稳定均衡","日常决策","博弈;策略与风险;平衡与稳定","博弈与策略","A级","8","draft","../../ExportBlock/鹰鸽博弈(演化稳定策略) da5568c2c1e645f1afbc1c66ee15adbb.md","./simulation.ts","oscillator","22","model_library\units\da5568c2c1e645f1afbc1c66ee15adbb\manifest.json"
"ed8681f04eb34d31a6e50eea15a9a5cb","u-023-ed8681f0","拍卖机制对比","荷兰式/英式/Vickrey拍卖的策略差异与收益等价定理","日常决策","博弈;策略与风险","博弈与策略","B级","6","draft","../../ExportBlock/拍卖机制对比 ed8681f04eb34d31a6e50eea15a9a5cb.md","./simulation.ts","random","23","model_library\units\ed8681f04eb34d31a6e50eea15a9a5cb\manifest.json"
"28a1bfaf7b9d4407a893919f5a67839f","u-024-28a1bfaf","纳什均衡可视化","2x2博弈矩阵中双方最优响应的交点即为均衡","日常决策","博弈;策略与风险;平衡与稳定","博弈与策略","B级","6","draft","../../ExportBlock/纳什均衡可视化 28a1bfaf7b9d4407a893919f5a67839f.md","./simulation.ts","random","24","model_library\units\28a1bfaf7b9d4407a893919f5a67839f\manifest.json"
"a01ca0f34947405b96b516a9815c4e67","u-025-a01ca0f3","最后通牒博弈","理性预测接受任何正数，实验中低于30%被拒绝","日常决策","博弈;策略与风险","博弈与策略","B级","6","draft","../../ExportBlock/最后通牒博弈 a01ca0f34947405b96b516a9815c4e67.md","./simulation.ts","random","25","model_library\units\a01ca0f34947405b96b516a9815c4e67\manifest.json"
"f39827ea7a99453ab5669815799c9638","u-026-f39827ea","演化博弈(空间囚徒困境)","在网格上博弈并模仿邻居策略，合作区域可自发形成","日常决策","博弈;策略与风险","博弈与策略","A级","10","draft","../../ExportBlock/演化博弈(空间囚徒困境) f39827ea7a99453ab5669815799c9638.md","./simulation.ts","oscillator","26","model_library\units\f39827ea7a99453ab5669815799c9638\manifest.json"
"94563733a05747bd8768d78dfa281c2d","u-027-94563733","蒙提霍尔问题(三门问题)","换门胜率2/3，不换1/3，违反直觉的条件概率","数学与计算","随机性;时空与尺度","概率与统计直觉","S级","15","draft","../../ExportBlock/蒙提霍尔问题(三门问题) 94563733a05747bd8768d78dfa281c2d.md","./simulation.ts","stable","27","model_library\units\94563733a05747bd8768d78dfa281c2d\manifest.json"
"946fc41c4f98460982b74795a3cb5a8e","u-028-946fc41c","高尔顿板(正态分布)","小球经多次随机偏折后分布趋向正态","数学与计算","随机性;时空与尺度","概率与统计直觉","A级","8","draft","../../ExportBlock/高尔顿板(正态分布) 946fc41c4f98460982b74795a3cb5a8e.md","./simulation.ts","oscillator","28","model_library\units\946fc41c4f98460982b74795a3cb5a8e\manifest.json"
"e39b44967c6b4901bb62bf97c6a3eb75","u-029-e39b4496","随机漫步与布朗运动","每步随机方向，大量步数后扩散距离∝√t","数学与计算","随机性;时空与尺度","概率与统计直觉","A级","8","draft","../../ExportBlock/随机漫步与布朗运动 e39b44967c6b4901bb62bf97c6a3eb75.md","./simulation.ts","oscillator","29","model_library\units\e39b44967c6b4901bb62bf97c6a3eb75\manifest.json"
"a1c20092a2304379b2722c0769196e5b","u-030-a1c20092","大数定律","样本均值随样本量增大趋向期望值","数学与计算","随机性;时空与尺度;策略与风险","概率与统计直觉","B级","6","draft","../../ExportBlock/大数定律 a1c20092a2304379b2722c0769196e5b.md","./simulation.ts","random","30","model_library\units\a1c20092a2304379b2722c0769196e5b\manifest.json"
"6cfd18e1f39347008d10cf7c406fe76e","u-031-6cfd18e1","生日悖论","23人中有两人同生日的概率>50%","数学与计算","随机性;时空与尺度","概率与统计直觉","B级","6","draft","../../ExportBlock/生日悖论 6cfd18e1f39347008d10cf7c406fe76e.md","./simulation.ts","random","31","model_library\units\6cfd18e1f39347008d10cf7c406fe76e\manifest.json"
"ac23d2ec6b344159ac34c58bf3563af0","u-032-ac23d2ec","贝叶斯定理直觉","先验概率+新证据→后验概率，用面积图直观理解","数学与计算","随机性;时空与尺度","概率与统计直觉","A级","10","draft","../../ExportBlock/贝叶斯定理直觉 ac23d2ec6b344159ac34c58bf3563af0.md","./simulation.ts","oscillator","32","model_library\units\ac23d2ec6b344159ac34c58bf3563af0\manifest.json"
"e7b0c90e7cc644569413626d1b835cf1","u-033-e7b0c90e","中心极限定理","任意分布的样本均值分布趋向正态","数学与计算","随机性;时空与尺度","概率与统计直觉","B级","6","draft","../../ExportBlock/中心极限定理 e7b0c90e7cc644569413626d1b835cf1.md","./simulation.ts","random","33","model_library\units\e7b0c90e7cc644569413626d1b835cf1\manifest.json"
"3d389ecb96a949f281fd45c7be1e5889","u-034-3d389ecb","赌徒谬误","独立事件无记忆，连续红后黑的概率不变","数学与计算","随机性;时空与尺度","概率与统计直觉","B级","6","draft","../../ExportBlock/赌徒谬误 3d389ecb96a949f281fd45c7be1e5889.md","./simulation.ts","random","34","model_library\units\3d389ecb96a949f281fd45c7be1e5889\manifest.json"
"48288ddddabb4c79a4fa23ba9d38ebef","u-035-48288ddd","辛普森悖论","分组数据趋势与合并数据趋势相反","数学与计算","随机性;时空与尺度","概率与统计直觉","B级","6","draft","../../ExportBlock/辛普森悖论 48288ddddabb4c79a4fa23ba9d38ebef.md","./simulation.ts","random","35","model_library\units\48288ddddabb4c79a4fa23ba9d38ebef\manifest.json"
"8ba09cbce7a54651a1ebfad65d41c197","u-036-8ba09cbc","马尔可夫链","状态转移只依赖当前状态，长期趋向稳态分布","数学与计算","随机性;时空与尺度","概率与统计直觉","A级","8","draft","../../ExportBlock/马尔可夫链 8ba09cbce7a54651a1ebfad65d41c197.md","./simulation.ts","oscillator","36","model_library\units\8ba09cbce7a54651a1ebfad65d41c197\manifest.json"
"3ff52f8b5c904671989d16d0a679aab7","u-037-3ff52f8b","双缝实验(波粒二象性)","单个粒子通过双缝产生干涉条纹，观测改变结果","自然与物理","平衡与稳定;时空与尺度","物理模拟","S级","20","draft","../../ExportBlock/双缝实验(波粒二象性) 3ff52f8b5c904671989d16d0a679aab7.md","./simulation.ts","stable","37","model_library\units\3ff52f8b5c904671989d16d0a679aab7\manifest.json"
"9f5c52b2d1ab48848d6c8da66b19fa6e","u-038-9f5c52b2","弹性碰撞与动量守恒","碰撞中总动量与总动能守恒","自然与物理","平衡与稳定;时空与尺度","物理模拟","A级","8","draft","../../ExportBlock/弹性碰撞与动量守恒 9f5c52b2d1ab48848d6c8da66b19fa6e.md","./simulation.ts","oscillator","38","model_library\units\9f5c52b2d1ab48848d6c8da66b19fa6e\manifest.json"
"ba344df1d85742a7add27f5e44bd46ab","u-039-ba344df1","轨道力学(引力弹弓)","利用行星引力加速探测器，不消耗燃料获得速度增益","自然与物理","平衡与稳定;时空与尺度","物理模拟","S级","18","draft","../../ExportBlock/轨道力学(引力弹弓) ba344df1d85742a7add27f5e44bd46ab.md","./simulation.ts","stable","39","model_library\units\ba344df1d85742a7add27f5e44bd46ab\manifest.json"
"1b653d1e695d47d0abaa5d384311f39f","u-040-1b653d1e","拉格朗日点","两大天体引力与离心力平衡的5个特殊位置","自然与物理","平衡与稳定;时空与尺度","物理模拟","A级","10","draft","../../ExportBlock/拉格朗日点 1b653d1e695d47d0abaa5d384311f39f.md","./simulation.ts","oscillator","40","model_library\units\1b653d1e695d47d0abaa5d384311f39f\manifest.json"
"b89b67d5bdd34666ba14b975bd6d859b","u-041-b89b67d5","电场线与等势面","电荷产生电场，场线方向与等势面垂直","自然与物理","平衡与稳定;时空与尺度","物理模拟","A级","8","draft","../../ExportBlock/电场线与等势面 b89b67d5bdd34666ba14b975bd6d859b.md","./simulation.ts","oscillator","41","model_library\units\b89b67d5bdd34666ba14b975bd6d859b\manifest.json"
"825046eac2ee4446ad4b86e3db54c2a3","u-042-825046ea","热传导扩散","热量从高温区向低温区扩散直至均匀","自然与物理","平衡与稳定;时空与尺度","物理模拟","B级","6","draft","../../ExportBlock/热传导扩散 825046eac2ee4446ad4b86e3db54c2a3.md","./simulation.ts","random","42","model_library\units\825046eac2ee4446ad4b86e3db54c2a3\manifest.json"
"21479315904e40ffb35b41deb0e4c0cf","u-043-21479315","波的叠加与驻波","两列波叠加产生干涉增强/相消，驻波是特例","自然与物理","平衡与稳定;时空与尺度","物理模拟","A级","8","draft","../../ExportBlock/波的叠加与驻波 21479315904e40ffb35b41deb0e4c0cf.md","./simulation.ts","oscillator","43","model_library\units\21479315904e40ffb35b41deb0e4c0cf\manifest.json"
"9a1d0136dd694c7886412eb0e5005b9f","u-044-9a1d0136","多普勒效应","波源运动导致前方波长压缩后方拉伸","自然与物理","平衡与稳定;时空与尺度;认知偏差","物理模拟","B级","6","draft","../../ExportBlock/多普勒效应 9a1d0136dd694c7886412eb0e5005b9f.md","./simulation.ts","random","44","model_library\units\9a1d0136dd694c7886412eb0e5005b9f\manifest.json"
"83641982e5e04ea49ffd0684d2540488","u-045-83641982","单摆与共振","驱动频率接近固有频率时振幅急剧增大","自然与物理","平衡与稳定;时空与尺度","物理模拟","B级","6","draft","../../ExportBlock/单摆与共振 83641982e5e04ea49ffd0684d2540488.md","./simulation.ts","random","45","model_library\units\83641982e5e04ea49ffd0684d2540488\manifest.json"
"580bb4a8ef084a7fa7529b0fe4e3a142","u-046-580bb4a8","流体力学(卡门涡街)","流体绕障碍物时交替产生涡旋","自然与物理","平衡与稳定;时空与尺度","物理模拟","A级","10","draft","../../ExportBlock/流体力学(卡门涡街) 580bb4a8ef084a7fa7529b0fe4e3a142.md","./simulation.ts","oscillator","46","model_library\units\580bb4a8ef084a7fa7529b0fe4e3a142\manifest.json"
"a2901d16a30f44eb996669605f23ea7d","u-047-a2901d16","模拟退火","高温时接受劣解以跳出局部最优，逐渐降温收敛","数学与计算","优化;策略与风险","优化与搜索","A级","8","draft","../../ExportBlock/模拟退火 a2901d16a30f44eb996669605f23ea7d.md","./simulation.ts","oscillator","47","model_library\units\a2901d16a30f44eb996669605f23ea7d\manifest.json"
"1194ba7796b746efa2cc08a815979a96","u-048-1194ba77","遗传算法(进化行走生物)","选择/交叉/变异迭代优化，种群逐代进化出更好的解","数学与计算","优化;策略与风险","优化与搜索","S级","20","draft","../../ExportBlock/遗传算法(进化行走生物) 1194ba7796b746efa2cc08a815979a96.md","./simulation.ts","stable","48","model_library\units\1194ba7796b746efa2cc08a815979a96\manifest.json"
"1e155a7766c54e13b1024414a6d53ce2","u-049-1e155a77","A*寻路算法","启发式搜索结合已走代价和估计剩余代价找最短路","数学与计算","优化;策略与风险","优化与搜索","A级","8","draft","../../ExportBlock/A 寻路算法 1e155a7766c54e13b1024414a6d53ce2.md","./simulation.ts","oscillator","49","model_library\units\1e155a7766c54e13b1024414a6d53ce2\manifest.json"
"5d29053c46394e29a1ef8470719cfe74","u-050-5d29053c","旅行商问题(TSP)","NP-hard组合优化，近似算法在合理时间内找到可接受解","数学与计算","优化;策略与风险;随机性","优化与搜索","A级","10","draft","../../ExportBlock/旅行商问题(TSP) 5d29053c46394e29a1ef8470719cfe74.md","./simulation.ts","oscillator","50","model_library\units\5d29053c46394e29a1ef8470719cfe74\manifest.json"
"269352b066524061ac5bec331b9d124e","u-051-269352b0","梯度下降可视化","沿损失函数梯度方向迭代逼近最小值","数学与计算","优化;策略与风险","优化与搜索","A级","10","draft","../../ExportBlock/梯度下降可视化 269352b066524061ac5bec331b9d124e.md","./simulation.ts","oscillator","51","model_library\units\269352b066524061ac5bec331b9d124e\manifest.json"
"090d197f72f24dfaa0446aaaa7e80b17","u-052-090d197f","粒子群优化(PSO)","粒子受个体最优和群体最优吸引，群体协作找到最优解","数学与计算","优化;策略与风险","优化与搜索","B级","6","draft","../../ExportBlock/粒子群优化(PSO) 090d197f72f24dfaa0446aaaa7e80b17.md","./simulation.ts","random","52","model_library\units\090d197f72f24dfaa0446aaaa7e80b17\manifest.json"
"3b54ad4f08f545ec967ae0f82bbcb85c","u-053-3b54ad4f","迷宫生成与求解","DFS/Prim生成迷宫，BFS/A*求解，可视化搜索过程","数学与计算","优化;策略与风险","优化与搜索","B级","6","draft","../../ExportBlock/迷宫生成与求解 3b54ad4f08f545ec967ae0f82bbcb85c.md","./simulation.ts","random","53","model_library\units\3b54ad4f08f545ec967ae0f82bbcb85c\manifest.json"
"f1f300a24fe24cb8a2d39aa859499970","u-054-f1f300a2","排序算法可视化","不同排序算法的比较次数与交换策略差异巨大","数学与计算","优化;策略与风险","优化与搜索","B级","6","draft","../../ExportBlock/排序算法可视化 f1f300a24fe24cb8a2d39aa859499970.md","./simulation.ts","random","54","model_library\units\f1f300a24fe24cb8a2d39aa859499970\manifest.json"
"e426fc31131742859015b82bb895ad7c","u-055-e426fc31","六度分隔(小世界网络)","少量随机长连接使网络平均路径急剧缩短","社会与群体","网络传播;反馈;随机性","网络与传播","S级","15","draft","../../ExportBlock/六度分隔(小世界网络) e426fc31131742859015b82bb895ad7c.md","./simulation.ts","stable","55","model_library\units\e426fc31131742859015b82bb895ad7c\manifest.json"
"e7ceec239ec24d8388fede5a791b3028","u-056-e7ceec23","疫情传播SIR模型","易感-感染-恢复三状态转化，R0决定是否大规模传播","社会与群体","网络传播;反馈","网络与传播","S级","15","draft","../../ExportBlock/疫情传播SIR模型 e7ceec239ec24d8388fede5a791b3028.md","./simulation.ts","stable","56","model_library\units\e7ceec239ec24d8388fede5a791b3028\manifest.json"
"44df5a6548c44f54b81e5bfdbf4adf21","u-057-44df5a65","谣言扩散 vs 真相扩散","简单信息传播快，复杂信息需要多重确认因此传播慢","社会与群体","网络传播;反馈;编码与信息","网络与传播","A级","10","draft","../../ExportBlock/谣言扩散 vs 真相扩散 44df5a6548c44f54b81e5bfdbf4adf21.md","./simulation.ts","oscillator","57","model_library\units\44df5a6548c44f54b81e5bfdbf4adf21\manifest.json"
"82b34fdfb61c40f8bf86efc1a7516199","u-058-82b34fdf","级联失效","一个节点过载导致邻居过载，可引发全网崩溃","社会与群体","网络传播;反馈","网络与传播","A级","10","draft","../../ExportBlock/级联失效 82b34fdfb61c40f8bf86efc1a7516199.md","./simulation.ts","oscillator","58","model_library\units\82b34fdfb61c40f8bf86efc1a7516199\manifest.json"
"752a67eb94c84aac860161ddf566e133","u-059-752a67eb","无标度网络(BA模型)","优先连接导致富者愈富，度分布服从幂律","社会与群体","网络传播;反馈","网络与传播","A级","8","draft","../../ExportBlock/无标度网络(BA模型) 752a67eb94c84aac860161ddf566e133.md","./simulation.ts","oscillator","59","model_library\units\752a67eb94c84aac860161ddf566e133\manifest.json"
"4eebcf33c9104351968d8814179a863b","u-060-4eebcf33","PageRank可视化","随机游走者在网络中的稳态分布即为页面重要度","社会与群体","网络传播;反馈;随机性","网络与传播","B级","6","draft","../../ExportBlock/PageRank可视化 4eebcf33c9104351968d8814179a863b.md","./simulation.ts","random","60","model_library\units\4eebcf33c9104351968d8814179a863b\manifest.json"
"84846f20bc48416bb1f77500ad3f3b00","u-061-84846f20","社交网络信息茧房","推荐算法正反馈导致信息来源越来越窄","社会与群体","网络传播;反馈;编码与信息","网络与传播","A级","10","draft","../../ExportBlock/社交网络信息茧房 84846f20bc48416bb1f77500ad3f3b00.md","./simulation.ts","oscillator","61","model_library\units\84846f20bc48416bb1f77500ad3f3b00\manifest.json"
"38e7e74f55d34cc1b18d944810fc7fe7","u-062-38e7e74f","易经八卦与二进制","阴爻=0阳爻=1，八卦对应0-7，64卦对应6位二进制，莱布尼茨惊叹的对应关系","文化与思想实验","策略与风险;平衡与稳定","中华智慧","S级","18","draft","../../ExportBlock/易经八卦与二进制 38e7e74f55d34cc1b18d944810fc7fe7.md","./simulation.ts","stable","62","model_library\units\38e7e74f55d34cc1b18d944810fc7fe7\manifest.json"
"9c5249139dd744d5a122e5b72151e3af","u-063-9c524913","梅花易数运算可视化","以数起卦的分类映射系统，时间/数字→上下卦→变爻→解读路径","文化与思想实验","策略与风险;平衡与稳定","中华智慧","A级","10","draft","../../ExportBlock/梅花易数运算可视化 9c5249139dd744d5a122e5b72151e3af.md","./simulation.ts","oscillator","63","model_library\units\9c5249139dd744d5a122e5b72151e3af\manifest.json"
"b379241d426e4756ab4f3e0f67259e56","u-064-b379241d","三十六计·围魏救赵","攻击对方必救之处迫使其回援，间接博弈优于正面对抗","文化与思想实验","策略与风险;平衡与稳定;博弈","中华智慧","A级","10","draft","../../ExportBlock/三十六计·围魏救赵 b379241d426e4756ab4f3e0f67259e56.md","./simulation.ts","oscillator","64","model_library\units\b379241d426e4756ab4f3e0f67259e56\manifest.json"
"f8e7298f4b6d439fb5dae1d6fce33992","u-065-f8e7298f","三十六计·暗度陈仓","信息不对称下的虚实博弈，明修栈道吸引注意力","文化与思想实验","策略与风险;平衡与稳定;博弈","中华智慧","A级","10","draft","../../ExportBlock/三十六计·暗度陈仓 f8e7298f4b6d439fb5dae1d6fce33992.md","./simulation.ts","oscillator","65","model_library\units\f8e7298f4b6d439fb5dae1d6fce33992\manifest.json"
"0f2de673573e47719b03cc58a1f00a59","u-066-0f2de673","三十六计·反间计","利用敌方间谍传递虚假信息，信息污染导致决策错误","文化与思想实验","策略与风险;平衡与稳定;编码与信息","中华智慧","B级","6","draft","../../ExportBlock/三十六计·反间计 0f2de673573e47719b03cc58a1f00a59.md","./simulation.ts","random","66","model_library\units\0f2de673573e47719b03cc58a1f00a59\manifest.json"
"2b67a7a947a143f5b291edf7c467af1c","u-067-2b67a7a9","五行相生相克","五元素循环博弈，石头剪刀布的扩展版，种群动态趋向动态平衡","文化与思想实验","策略与风险;平衡与稳定;博弈","中华智慧","A级","8","draft","../../ExportBlock/五行相生相克 2b67a7a947a143f5b291edf7c467af1c.md","./simulation.ts","oscillator","67","model_library\units\2b67a7a947a143f5b291edf7c467af1c\manifest.json"
"c64423d24f1f483db47cdc83a81d28b0","u-068-c64423d2","河图洛书与幻方","3x3幻方每行每列每对角线之和相等，洛书是最早的幻方记录","文化与思想实验","策略与风险;平衡与稳定","中华智慧","B级","6","draft","../../ExportBlock/河图洛书与幻方 c64423d24f1f483db47cdc83a81d28b0.md","./simulation.ts","random","68","model_library\units\c64423d24f1f483db47cdc83a81d28b0\manifest.json"
"419f26aa0e5b43ff9100d138c6c064ba","u-069-419f26aa","太极阴阳动态平衡","负反馈调节系统：阳极生阴、阴极生阳，系统趋向动态平衡","文化与思想实验","策略与风险;平衡与稳定;反馈","中华智慧","B级","6","draft","../../ExportBlock/太极阴阳动态平衡 419f26aa0e5b43ff9100d138c6c064ba.md","./simulation.ts","random","69","model_library\units\419f26aa0e5b43ff9100d138c6c064ba\manifest.json"
"1f41879c66bf4f6396e189d1a128785d","u-070-1f41879c","围棋·势与地的博弈","局部最优(实地)vs全局最优(厚势)的权衡，短期收益与长期价值的矛盾","文化与思想实验","策略与风险;平衡与稳定;博弈","中华智慧","A级","10","draft","../../ExportBlock/围棋·势与地的博弈 1f41879c66bf4f6396e189d1a128785d.md","./simulation.ts","oscillator","70","model_library\units\1f41879c66bf4f6396e189d1a128785d\manifest.json"
"c334abcae3e14bfa8424e3e0701aa8e9","u-071-c334abca","孙子兵法·虚实篇","集中优势兵力攻击分散之敌，以实击虚，兰彻斯特方程验证","文化与思想实验","策略与风险;平衡与稳定;博弈","中华智慧","B级","6","draft","../../ExportBlock/孙子兵法·虚实篇 c334abcae3e14bfa8424e3e0701aa8e9.md","./simulation.ts","random","71","model_library\units\c334abcae3e14bfa8424e3e0701aa8e9\manifest.json"
"502425c81bf24185936bba7dedc9d5bf","u-072-502425c8","群体极化效应","温和观点的个体在群体讨论后变得更极端，群体放大偏见","社会与群体","认知偏差;网络传播","群体心理","S级","15","draft","../../ExportBlock/群体极化效应 502425c81bf24185936bba7dedc9d5bf.md","./simulation.ts","stable","72","model_library\units\502425c81bf24185936bba7dedc9d5bf\manifest.json"
"da2d76cb009c4666a47e7c7c239778e1","u-073-da2d76cb","从众效应(阿希实验)","明知答案错误仍选择跟随多数人，社会压力压倒理性判断","社会与群体","认知偏差;网络传播","群体心理","S级","15","draft","../../ExportBlock/从众效应(阿希实验) da2d76cb009c4666a47e7c7c239778e1.md","./simulation.ts","stable","73","model_library\units\da2d76cb009c4666a47e7c7c239778e1\manifest.json"
"926c646596aa40c497e1663bd747f7e7","u-074-926c6465","信息瀑布(羊群效应)","后来者忽略私有信息跟随先行者，即使先行者的选择是错误的","社会与群体","认知偏差;网络传播;编码与信息","群体心理","A级","10","draft","../../ExportBlock/信息瀑布(羊群效应) 926c646596aa40c497e1663bd747f7e7.md","./simulation.ts","oscillator","74","model_library\units\926c646596aa40c497e1663bd747f7e7\manifest.json"
"bc9571f32e414d73ab12f19627aecdfe","u-075-bc9571f3","旁观者效应","在场人数越多，个人出手帮助的概率越低(责任分散)","社会与群体","认知偏差;网络传播;随机性","群体心理","A级","8","draft","../../ExportBlock/旁观者效应 bc9571f32e414d73ab12f19627aecdfe.md","./simulation.ts","oscillator","75","model_library\units\bc9571f32e414d73ab12f19627aecdfe\manifest.json"
"072ca377e7a941009367f6a33038407f","u-076-072ca377","群体智慧vs群体愚蠢","独立判断时群体比个体更准确(高尔顿牛重量实验)，互相影响时群体更愚蠢","社会与群体","认知偏差;网络传播","群体心理","A级","10","draft","../../ExportBlock/群体智慧vs群体愚蠢 072ca377e7a941009367f6a33038407f.md","./simulation.ts","oscillator","76","model_library\units\072ca377e7a941009367f6a33038407f\manifest.json"
"d8be30089c7449e79e82b5c324402e75","u-077-d8be3008","社会认同与制服效应","人们倾向于服从穿制服/有权威标志的人(米尔格拉姆实验)","社会与群体","认知偏差;网络传播","群体心理","B级","6","draft","../../ExportBlock/社会认同与制服效应 d8be30089c7449e79e82b5c324402e75.md","./simulation.ts","random","77","model_library\units\d8be30089c7449e79e82b5c324402e75\manifest.json"
"669eca11ccd94e26a9c9507cb57143bd","u-078-669eca11","社会网络中的观点传播","少数坚定者可以翻转群体观点，临界比例约25%","社会与群体","认知偏差;网络传播;时空与尺度","群体心理","A级","10","draft","../../ExportBlock/社会网络中的观点传播 669eca11ccd94e26a9c9507cb57143bd.md","./simulation.ts","oscillator","78","model_library\units\669eca11ccd94e26a9c9507cb57143bd\manifest.json"
"52f9aa22ef8644c1969123c029432275","u-079-52f9aa22","邓巴数与社交圈层","人类认知上限约150人亲密关系，圈层按5/15/50/150递增","社会与群体","认知偏差;网络传播","群体心理","B级","6","draft","../../ExportBlock/邓巴数与社交圈层 52f9aa22ef8644c1969123c029432275.md","./simulation.ts","random","79","model_library\units\52f9aa22ef8644c1969123c029432275\manifest.json"
"2898b1ab0a7c4f929696ba6255f7ba88","u-080-2898b1ab","破窗效应","环境中的小破坏如果不修复，会引发更多破坏行为","社会与群体","认知偏差;网络传播","群体心理","B级","6","draft","../../ExportBlock/破窗效应 2898b1ab0a7c4f929696ba6255f7ba88.md","./simulation.ts","random","80","model_library\units\2898b1ab0a7c4f929696ba6255f7ba88\manifest.json"
"1f3700d0e9e14805a2f1af617216876f","u-081-1f3700d0","锚定效应","先看到的数字会影响后续估计，即使两者无关","日常决策","认知偏差;策略与风险;随机性","认知偏差","S级","15","draft","../../ExportBlock/锚定效应 1f3700d0e9e14805a2f1af617216876f.md","./simulation.ts","stable","81","model_library\units\1f3700d0e9e14805a2f1af617216876f\manifest.json"
"dafa6f0d307a45158144fb8b979d57ef","u-082-dafa6f0d","框架效应","同一事实不同表述导致不同决策（存活率90% vs 死亡率10%）","日常决策","认知偏差;策略与风险","认知偏差","S级","15","draft","../../ExportBlock/框架效应 dafa6f0d307a45158144fb8b979d57ef.md","./simulation.ts","stable","82","model_library\units\dafa6f0d307a45158144fb8b979d57ef\manifest.json"
"ff36f7bb93324ce78837ae9fc7297404","u-083-ff36f7bb","损失厌恶","失去100元的痛苦≈得到200元的快乐，损失权重约为收益的2倍","日常决策","认知偏差;策略与风险","认知偏差","A级","10","draft","../../ExportBlock/损失厌恶 ff36f7bb93324ce78837ae9fc7297404.md","./simulation.ts","oscillator","83","model_library\units\ff36f7bb93324ce78837ae9fc7297404\manifest.json"
"3353e874e9624959b7986960424bb0e4","u-084-3353e874","可得性偏差","容易想到的事件被高估概率（飞机失事vs车祸）","日常决策","认知偏差;策略与风险;随机性","认知偏差","B级","6","draft","../../ExportBlock/可得性偏差 3353e874e9624959b7986960424bb0e4.md","./simulation.ts","random","84","model_library\units\3353e874e9624959b7986960424bb0e4\manifest.json"
"ecbaf3ac64d248709f33f0f623b3a5d9","u-085-ecbaf3ac","确认偏误","人倾向于搜索支持已有观点的信息，忽略反面证据","日常决策","认知偏差;策略与风险;编码与信息","认知偏差","A级","10","draft","../../ExportBlock/确认偏误 ecbaf3ac64d248709f33f0f623b3a5d9.md","./simulation.ts","oscillator","85","model_library\units\ecbaf3ac64d248709f33f0f623b3a5d9\manifest.json"
"205eca15a710419fb4a627101f5f5692","u-086-205eca15","沉没成本谬误","已投入的不可回收成本不应影响未来决策，但人们总是受其影响","日常决策","认知偏差;策略与风险","认知偏差","B级","6","draft","../../ExportBlock/沉没成本谬误 205eca15a710419fb4a627101f5f5692.md","./simulation.ts","random","86","model_library\units\205eca15a710419fb4a627101f5f5692\manifest.json"
"ca66b1b1a0ea422a9f8f505fb93b28bd","u-087-ca66b1b1","峰终定律","体验记忆由峰值和结尾决定，而非总量（冰水实验）","日常决策","认知偏差;策略与风险","认知偏差","B级","6","draft","../../ExportBlock/峰终定律 ca66b1b1a0ea422a9f8f505fb93b28bd.md","./simulation.ts","random","87","model_library\units\ca66b1b1a0ea422a9f8f505fb93b28bd\manifest.json"
"ff026c9fe6fa4ef8a292ae502914cd9f","u-088-ff026c9f","幸存者偏差","只看到成功案例导致错误归因（二战飞机装甲问题）","日常决策","认知偏差;策略与风险","认知偏差","A级","10","draft","../../ExportBlock/幸存者偏差 ff026c9fe6fa4ef8a292ae502914cd9f.md","./simulation.ts","oscillator","88","model_library\units\ff026c9fe6fa4ef8a292ae502914cd9f\manifest.json"
"cfb43c7795834459a6453f0f92de5bf2","u-089-cfb43c77","达克效应","能力越低越高估自己，能力越高越低估自己","日常决策","认知偏差;策略与风险","认知偏差","B级","6","draft","../../ExportBlock/达克效应 cfb43c7795834459a6453f0f92de5bf2.md","./simulation.ts","random","89","model_library\units\cfb43c7795834459a6453f0f92de5bf2\manifest.json"
"6b697a2ed13f4a3d8ed75431b0b4516b","u-090-6b697a2e","选择悖论","选项越多满意度反而越低，6种果酱vs24种果酱实验","日常决策","认知偏差;策略与风险","认知偏差","B级","6","draft","../../ExportBlock/选择悖论 6b697a2ed13f4a3d8ed75431b0b4516b.md","./simulation.ts","random","90","model_library\units\6b697a2ed13f4a3d8ed75431b0b4516b\manifest.json"
"292c4abe147b4299b8c49232957d5849","u-091-292c4abe","供需均衡与价格发现","供给曲线与需求曲线交叉点决定市场均衡价格","市场与系统","反馈;策略与风险;平衡与稳定","经济与金融","A级","10","draft","../../ExportBlock/供需均衡与价格发现 292c4abe147b4299b8c49232957d5849.md","./simulation.ts","oscillator","91","model_library\units\292c4abe147b4299b8c49232957d5849\manifest.json"
"8e76734b5dd34471b7cf603ee4f8c7c7","u-092-8e76734b","凯恩斯选美博弈","不是选你认为最美的，而是选你认为大家认为最美的，层层递归","市场与系统","反馈;策略与风险;博弈","经济与金融","S级","15","draft","../../ExportBlock/凯恩斯选美博弈 8e76734b5dd34471b7cf603ee4f8c7c7.md","./simulation.ts","stable","92","model_library\units\8e76734b5dd34471b7cf603ee4f8c7c7\manifest.json"
"d094ce1c43924090b8b600ba7295c375","u-093-d094ce1c","复利的力量","指数增长的反直觉性，72法则估算翻倍时间","市场与系统","反馈;策略与风险","经济与金融","B级","6","draft","../../ExportBlock/复利的力量 d094ce1c43924090b8b600ba7295c375.md","./simulation.ts","random","93","model_library\units\d094ce1c43924090b8b600ba7295c375\manifest.json"
"b031980018f84dc6bd585a3d75f108db","u-094-b0319800","股市泡沫与崩盘","正反馈推动价格偏离价值→临界点触发恐慌性抛售→崩盘","市场与系统","反馈;策略与风险","经济与金融","A级","10","draft","../../ExportBlock/股市泡沫与崩盘 b031980018f84dc6bd585a3d75f108db.md","./simulation.ts","oscillator","94","model_library\units\b031980018f84dc6bd585a3d75f108db\manifest.json"
"ba8db69e594947e29bbca6a398750ad0","u-095-ba8db69e","看不见的手(市场自调节)","个体追求自身利益通过价格信号实现资源有效配置","市场与系统","反馈;策略与风险","经济与金融","A级","10","draft","../../ExportBlock/看不见的手(市场自调节) ba8db69e594947e29bbca6a398750ad0.md","./simulation.ts","oscillator","95","model_library\units\ba8db69e594947e29bbca6a398750ad0\manifest.json"
"b7545f7058eb470ab1e454a4964842b1","u-096-b7545f70","信息不对称(柠檬市场)","买方无法区分好车坏车→出价偏低→好车退出→市场崩溃","市场与系统","反馈;策略与风险;编码与信息","经济与金融","A级","10","draft","../../ExportBlock/信息不对称(柠檬市场) b7545f7058eb470ab1e454a4964842b1.md","./simulation.ts","oscillator","96","model_library\units\b7545f7058eb470ab1e454a4964842b1\manifest.json"
"9373a5259765402cb528213d953cf7e1","u-097-9373a525","蛛网模型(价格振荡)","供给滞后导致价格在均衡点周围振荡，可收敛/发散/循环","市场与系统","反馈;策略与风险;平衡与稳定","经济与金融","B级","6","draft","../../ExportBlock/蛛网模型(价格振荡) 9373a5259765402cb528213d953cf7e1.md","./simulation.ts","random","97","model_library\units\9373a5259765402cb528213d953cf7e1\manifest.json"
"fa488d2c08714782870a506777cdf22e","u-098-fa488d2c","庞氏骗局动力学","用新投资者的钱支付旧投资者回报，指数增长需求必然崩溃","市场与系统","反馈;策略与风险","经济与金融","A级","10","draft","../../ExportBlock/庞氏骗局动力学 fa488d2c08714782870a506777cdf22e.md","./simulation.ts","oscillator","98","model_library\units\fa488d2c08714782870a506777cdf22e\manifest.json"
"27ba63a5616a443ba997fc7965dfaedd","u-099-27ba63a5","比较优势与自由贸易","即使一方在所有方面都更强，分工合作仍然双赢","市场与系统","反馈;策略与风险","经济与金融","B级","6","draft","../../ExportBlock/比较优势与自由贸易 27ba63a5616a443ba997fc7965dfaedd.md","./simulation.ts","random","99","model_library\units\27ba63a5616a443ba997fc7965dfaedd\manifest.json"
"3135808483344422878de06c854133d3","u-100-31358084","银行挤兑模型","自我实现的预言：相信银行要倒→集体取款→银行真的倒","市场与系统","反馈;策略与风险;博弈","经济与金融","B级","6","draft","../../ExportBlock/银行挤兑模型 3135808483344422878de06c854133d3.md","./simulation.ts","random","100","model_library\units\3135808483344422878de06c854133d3\manifest.json"
"11e32203bc0d41978bb3433b2e27889c","u-101-11e32203","捕食者-猎物模型(Lotka-Volterra)","捕食者多→猎物减少→捕食者饿死→猎物恢复，周期振荡","自然与物理","涌现;平衡与稳定","生物与生态","S级","15","draft","../../ExportBlock/捕食者-猎物模型(Lotka-Volterra) 11e32203bc0d41978bb3433b2e27889c.md","./simulation.ts","stable","101","model_library\units\11e32203bc0d41978bb3433b2e27889c\manifest.json"
"1b3917abf9fe4b8493dcd82b8215012d","u-102-1b3917ab","自然选择模拟","随机变异+适者生存+遗传，无需设计者即可产生复杂适应","自然与物理","涌现;平衡与稳定;随机性","生物与生态","S级","18","draft","../../ExportBlock/自然选择模拟 1b3917abf9fe4b8493dcd82b8215012d.md","./simulation.ts","stable","102","model_library\units\1b3917abf9fe4b8493dcd82b8215012d\manifest.json"
"f8d352ff3d0d4c8bbf9ece329d2c9b27","u-103-f8d352ff","种群增长(Logistic增长)","初始指数增长→接近环境容量→增速放缓→S曲线","自然与物理","涌现;平衡与稳定;非线性","生物与生态","A级","8","draft","../../ExportBlock/种群增长(Logistic增长) f8d352ff3d0d4c8bbf9ece329d2c9b27.md","./simulation.ts","oscillator","103","model_library\units\f8d352ff3d0d4c8bbf9ece329d2c9b27\manifest.json"
"a49eaa4c27aa44588dccc046311db2ee","u-104-a49eaa4c","群体免疫阈值","免疫比例超过1-1/R0时传播链断裂，疫情无法扩散","自然与物理","涌现;平衡与稳定;网络传播","生物与生态","A级","10","draft","../../ExportBlock/群体免疫阈值 a49eaa4c27aa44588dccc046311db2ee.md","./simulation.ts","oscillator","104","model_library\units\a49eaa4c27aa44588dccc046311db2ee\manifest.json"
"04a4c6ae9f9541eeb36fa96eb9615b4c","u-105-04a4c6ae","红皇后效应(共同进化)","寄生虫与宿主军备竞赛，双方必须不断进化才能维持现状","自然与物理","涌现;平衡与稳定;认知偏差","生物与生态","A级","10","draft","../../ExportBlock/红皇后效应(共同进化) 04a4c6ae9f9541eeb36fa96eb9615b4c.md","./simulation.ts","oscillator","105","model_library\units\04a4c6ae9f9541eeb36fa96eb9615b4c\manifest.json"
"ddfaf18805e44f868eafbfa993ce6848","u-106-ddfaf188","竞争排除原则","两个物种竞争同一生态位时，一个必然灭绝","自然与物理","涌现;平衡与稳定","生物与生态","B级","6","draft","../../ExportBlock/竞争排除原则 ddfaf18805e44f868eafbfa993ce6848.md","./simulation.ts","random","106","model_library\units\ddfaf18805e44f868eafbfa993ce6848\manifest.json"
"0a61b6e051984f0eaca83cc7c9899561","u-107-0a61b6e0","L-System植物生长","简单字符串替换规则生成复杂植物形态","自然与物理","涌现;平衡与稳定","生物与生态","B级","6","draft","../../ExportBlock/L-System植物生长 0a61b6e051984f0eaca83cc7c9899561.md","./simulation.ts","random","107","model_library\units\0a61b6e051984f0eaca83cc7c9899561\manifest.json"
"ee0d547d21b8433d9adc70056097a030","u-108-ee0d547d","趋化性与细胞迁移","细胞沿化学浓度梯度移动，形成聚集模式","自然与物理","涌现;平衡与稳定;优化","生物与生态","B级","6","draft","../../ExportBlock/趋化性与细胞迁移 ee0d547d21b8433d9adc70056097a030.md","./simulation.ts","random","108","model_library\units\ee0d547d21b8433d9adc70056097a030\manifest.json"
"93223fe7ccd845d5b52325a23a580d0f","u-109-93223fe7","信息熵可视化","越不确定的事件信息量越大，均匀分布熵最大","数学与计算","编码与信息;优化;随机性","信息论与编码","A级","10","draft","../../ExportBlock/信息熵可视化 93223fe7ccd845d5b52325a23a580d0f.md","./simulation.ts","oscillator","109","model_library\units\93223fe7ccd845d5b52325a23a580d0f\manifest.json"
"e81dd23cde184c20a6619a3e9dd1f6f8","u-110-e81dd23c","霍夫曼编码","高频字符用短编码低频用长编码，逼近信息熵下界","数学与计算","编码与信息;优化","信息论与编码","A级","10","draft","../../ExportBlock/霍夫曼编码 e81dd23cde184c20a6619a3e9dd1f6f8.md","./simulation.ts","oscillator","110","model_library\units\e81dd23cde184c20a6619a3e9dd1f6f8\manifest.json"
"8c9987e6f80441de85ac8622f7981546","u-111-8c9987e6","纠错码(汉明码)","通过冗余位实现错误检测与纠正，校验位定位错误位置","数学与计算","编码与信息;优化","信息论与编码","A级","10","draft","../../ExportBlock/纠错码(汉明码) 8c9987e6f80441de85ac8622f7981546.md","./simulation.ts","oscillator","111","model_library\units\8c9987e6f80441de85ac8622f7981546\manifest.json"
"e38b7787b763431aaa1757d4da508969","u-112-e38b7787","信息压缩(RLE/LZ)","利用数据中的重复模式减少存储量","数学与计算","编码与信息;优化","信息论与编码","B级","6","draft","../../ExportBlock/信息压缩(RLE LZ) e38b7787b763431aaa1757d4da508969.md","./simulation.ts","random","112","model_library\units\e38b7787b763431aaa1757d4da508969\manifest.json"
"02897738b15c4546944765e60e68bd12","u-113-02897738","香农通信模型","信源→编码→信道(噪声)→解码→信宿，噪声信道容量有上限","数学与计算","编码与信息;优化","信息论与编码","B级","6","draft","../../ExportBlock/香农通信模型 02897738b15c4546944765e60e68bd12.md","./simulation.ts","random","113","model_library\units\02897738b15c4546944765e60e68bd12\manifest.json"
"c515df92b01445179eb7bf2a754b1f2f","u-114-c515df92","RSA加密原理","大数分解的困难性保障安全，公钥加密私钥解密","数学与计算","编码与信息;优化;随机性","信息论与编码","A级","10","draft","../../ExportBlock/RSA加密原理 c515df92b01445179eb7bf2a754b1f2f.md","./simulation.ts","oscillator","114","model_library\units\c515df92b01445179eb7bf2a754b1f2f\manifest.json"
"65e9c60b459f40b1b87499da133c61ed","u-115-65e9c60b","七桥问题(欧拉路径)","所有边恰好走一次当且仅当奇数度节点为0或2个","数学与计算","时空与尺度;非线性","数学趣题","A级","8","draft","../../ExportBlock/七桥问题(欧拉路径) 65e9c60b459f40b1b87499da133c61ed.md","./simulation.ts","oscillator","115","model_library\units\65e9c60b459f40b1b87499da133c61ed\manifest.json"
"0b87c70a8d204a708223d04ca72137fb","u-116-0b87c70a","四色定理","任何平面地图最多用4种颜色就能使相邻区域不同色","数学与计算","时空与尺度;非线性","数学趣题","A级","10","draft","../../ExportBlock/四色定理 0b87c70a8d204a708223d04ca72137fb.md","./simulation.ts","oscillator","116","model_library\units\0b87c70a8d204a708223d04ca72137fb\manifest.json"
"a1a1ea2daa3b4ccfacbd6e226e2019a9","u-117-a1a1ea2d","无穷旅馆(希尔伯特旅馆)","无穷集合的反直觉性质：满员旅馆仍可容纳新客人","数学与计算","时空与尺度;非线性","数学趣题","B级","6","draft","../../ExportBlock/无穷旅馆(希尔伯特旅馆) a1a1ea2daa3b4ccfacbd6e226e2019a9.md","./simulation.ts","random","117","model_library\units\a1a1ea2daa3b4ccfacbd6e226e2019a9\manifest.json"
"059436ad2a494ccfad50fcef7de2d80e","u-118-059436ad","哥德尔不完备定理(直觉版)","任何足够强的形式系统都存在不可证明也不可否证的真命题","数学与计算","时空与尺度;非线性","数学趣题","B级","6","draft","../../ExportBlock/哥德尔不完备定理(直觉版) 059436ad2a494ccfad50fcef7de2d80e.md","./simulation.ts","random","118","model_library\units\059436ad2a494ccfad50fcef7de2d80e\manifest.json"
"5e352c6cb3004cec90b8e577d17c18e9","u-119-5e352c6c","蒙特卡洛方法求π","随机投点统计落入圆内比例≈π/4","数学与计算","时空与尺度;非线性;随机性","数学趣题","B级","6","draft","../../ExportBlock/蒙特卡洛方法求π 5e352c6cb3004cec90b8e577d17c18e9.md","./simulation.ts","random","119","model_library\units\5e352c6cb3004cec90b8e577d17c18e9\manifest.json"
"6e3456b088924811bfa2b07e5a8c861c","u-120-6e3456b0","巴拿赫-塔尔斯基悖论(直觉版)","一个球可以拆成有限块重组为两个同样大小的球","数学与计算","时空与尺度;非线性","数学趣题","B级","6","draft","../../ExportBlock/巴拿赫-塔尔斯基悖论(直觉版) 6e3456b088924811bfa2b07e5a8c861c.md","./simulation.ts","random","120","model_library\units\6e3456b088924811bfa2b07e5a8c861c\manifest.json"
"63527e617b1e46b482003e9bd8c28de9","u-121-63527e61","停机问题","不存在通用算法判断任意程序是否会停止，对角线论证","数学与计算","时空与尺度;非线性","数学趣题","B级","6","draft","../../ExportBlock/停机问题 63527e617b1e46b482003e9bd8c28de9.md","./simulation.ts","random","121","model_library\units\63527e617b1e46b482003e9bd8c28de9\manifest.json"
"2b8e713b5b3048afa0b61ed1baf60c67","u-122-2b8e713b","汉诺塔","n个盘需要2^n-1步，递归分治的经典案例","数学与计算","时空与尺度;非线性","数学趣题","B级","6","draft","../../ExportBlock/汉诺塔 2b8e713b5b3048afa0b61ed1baf60c67.md","./simulation.ts","random","122","model_library\units\2b8e713b5b3048afa0b61ed1baf60c67\manifest.json"
"65cc276c43ea42a69281bd3c189f8182","u-123-65cc276c","勾股定理的100种证明","a²+b²=c²，不同证明方法揭示同一真理的不同面","数学与计算","时空与尺度;非线性","数学趣题","A级","10","draft","../../ExportBlock/勾股定理的100种证明 65cc276c43ea42a69281bd3c189f8182.md","./simulation.ts","oscillator","123","model_library\units\65cc276c43ea42a69281bd3c189f8182\manifest.json"
"dd6f4c2c5c544cd19784708c6e1af22a","u-124-dd6f4c2c","不可能图形(彭罗斯三角)","2D投影可以表示3D中不可能存在的结构","数学与计算","时空与尺度;非线性","数学趣题","B级","6","draft","../../ExportBlock/不可能图形(彭罗斯三角) dd6f4c2c5c544cd19784708c6e1af22a.md","./simulation.ts","random","124","model_library\units\dd6f4c2c5c544cd19784708c6e1af22a\manifest.json"
"11bfd1befa10473c94f8a33812e7543b","u-125-11bfd1be","多臂老虎机问题","探索vs利用的权衡，何时该换一台机器试试运气","日常决策","策略与风险;随机性;优化","决策与风险","A级","10","draft","../../ExportBlock/多臂老虎机问题 11bfd1befa10473c94f8a33812e7543b.md","./simulation.ts","oscillator","125","model_library\units\11bfd1befa10473c94f8a33812e7543b\manifest.json"
"d62d608d0ba74b71aa5625715ebbf8af","u-126-d62d608d","凯利赌博准则","最优下注比例=赢面概率-输面概率/赔率，负值时不应下注","日常决策","策略与风险;随机性;时空与尺度","决策与风险","A级","10","draft","../../ExportBlock/凯利赌博准则 d62d608d0ba74b71aa5625715ebbf8af.md","./simulation.ts","oscillator","126","model_library\units\d62d608d0ba74b71aa5625715ebbf8af\manifest.json"
"0732b0c46df64b5a912e973ff2dad6f1","u-127-0732b0c4","秘书问题(最优停止策略)","先观察37%的候选人然后选择第一个超过所有已观察者的人","日常决策","策略与风险;随机性","决策与风险","S级","15","draft","../../ExportBlock/秘书问题(最优停止策略) 0732b0c46df64b5a912e973ff2dad6f1.md","./simulation.ts","stable","127","model_library\units\0732b0c46df64b5a912e973ff2dad6f1\manifest.json"
"ae641e55677f4122a1c292e20009ded3","u-128-ae641e55","圣彼得堡悖论(硬币赌徒破产)","公平赌博中有限资金方必然破产，即使概率对等","日常决策","策略与风险;随机性","决策与风险","A级","8","draft","../../ExportBlock/圣彼得堡悖论(硬币赌徒破产) ae641e55677f4122a1c292e20009ded3.md","./simulation.ts","oscillator","128","model_library\units\ae641e55677f4122a1c292e20009ded3\manifest.json"
"0e14bcd3a45d4f19aa61894965516068","u-129-0e14bcd3","期望值与方差的博弈","同期望值但不同方差的选择导致完全不同的结果分布","日常决策","策略与风险;随机性;博弈","决策与风险","B级","6","draft","../../ExportBlock/期望值与方差的博弈 0e14bcd3a45d4f19aa61894965516068.md","./simulation.ts","random","129","model_library\units\0e14bcd3a45d4f19aa61894965516068\manifest.json"
"0bb7eb4c1ee24ca4b9f810e944fbfa1c","u-130-0bb7eb4c","信号检测论(SDT)","调整判断阈值时必然在漏报和误报之间权衡","日常决策","策略与风险;随机性","决策与风险","B级","6","draft","../../ExportBlock/信号检测论(SDT) 0bb7eb4c1ee24ca4b9f810e944fbfa1c.md","./simulation.ts","random","130","model_library\units\0bb7eb4c1ee24ca4b9f810e944fbfa1c\manifest.json"
"538d65c4bc7d4be58ee2002d2e4f1467","u-131-538d65c4","地图投影失真","球面无法无失真展开为平面，每种投影都牺牲某种准确性","日常决策","平衡与稳定;时空与尺度","日常现象","A级","10","draft","../../ExportBlock/地图投影失真 538d65c4bc7d4be58ee2002d2e4f1467.md","./simulation.ts","oscillator","131","model_library\units\538d65c4bc7d4be58ee2002d2e4f1467\manifest.json"
"9e0a69abad6446979756b885e0d92e72","u-132-9e0a69ab","为什么飞机能飞(伯努利原理)","气流速度越快压力越小，机翼上下压差产生升力","日常决策","平衡与稳定;时空与尺度","日常现象","B级","6","draft","../../ExportBlock/为什么飞机能飞(伯努利原理) 9e0a69abad6446979756b885e0d92e72.md","./simulation.ts","random","132","model_library\units\9e0a69abad6446979756b885e0d92e72\manifest.json"
"fb2a634cadc34211b94795adab54bb90","u-133-fb2a634c","虹虹与光的色散","白光经水滴折射+内反射后按波长分离形成42°弧","日常决策","平衡与稳定;时空与尺度","日常现象","B级","6","draft","../../ExportBlock/虹虹与光的色散 fb2a634cadc34211b94795adab54bb90.md","./simulation.ts","random","133","model_library\units\fb2a634cadc34211b94795adab54bb90\manifest.json"
"df2551519b2e4a7ca913f314780fbfb4","u-134-df255151","为什么天空是蓝色(瑞利散射)","短波长(蓝/紫)光散射强度正比于λ^{-4}，日出日落时路径长蓝光散尽只剩红","日常决策","平衡与稳定;时空与尺度","日常现象","B级","6","draft","../../ExportBlock/为什么天空是蓝色(瑞利散射) df2551519b2e4a7ca913f314780fbfb4.md","./simulation.ts","random","134","model_library\units\df2551519b2e4a7ca913f314780fbfb4\manifest.json"
"8ec5634cc67840c096c4bba9d771cb5b","u-135-8ec5634c","密码安全与暴力破解","密码空间随长度指数增长，增加1位字符破解时间翻倍","日常决策","平衡与稳定;时空与尺度","日常现象","B级","6","draft","../../ExportBlock/密码安全与暴力破解 8ec5634cc67840c096c4bba9d771cb5b.md","./simulation.ts","random","135","model_library\units\8ec5634cc67840c096c4bba9d771cb5b\manifest.json"
"80c9642ae66546d8a48319540fedf3c2","u-136-80c9642a","GPS三角定位原理","三颗卫星信号时间差确定三个球面交点","日常决策","平衡与稳定;时空与尺度","日常现象","B级","6","draft","../../ExportBlock/GPS三角定位原理 80c9642ae66546d8a48319540fedf3c2.md","./simulation.ts","random","136","model_library\units\80c9642ae66546d8a48319540fedf3c2\manifest.json"
"23c7fd125f1f44d6ad7ef0fd07a25625","u-137-23c7fd12","微波炉加热原理","电磁波共振水分子产生热量，金属反射所以不能放","日常决策","平衡与稳定;时空与尺度","日常现象","B级","6","draft","../../ExportBlock/微波炉加热原理 23c7fd125f1f44d6ad7ef0fd07a25625.md","./simulation.ts","random","137","model_library\units\23c7fd125f1f44d6ad7ef0fd07a25625\manifest.json"
"de269ce2589d41bba0f75233bc32a663","u-138-de269ce2","地铁等待悖论","随机到达时平均等待=半个发车间隔，但心理感知曲线非线性","日常决策","平衡与稳定;时空与尺度;随机性","日常现象","B级","6","draft","../../ExportBlock/地铁等待悖论 de269ce2589d41bba0f75233bc32a663.md","./simulation.ts","random","138","model_library\units\de269ce2589d41bba0f75233bc32a663\manifest.json"
"e224d8984afe45418bdbb3643f396f42","u-139-e224d898","黄金比例与斜波那契数列","1.618…出现在自然界、建筑、艺术中，斜波那契数列相邻项之比趋向φ","文化与思想实验","时空与尺度;非线性","艺术与数学","S级","15","draft","../../ExportBlock/黄金比例与斜波那契数列 e224d8984afe45418bdbb3643f396f42.md","./simulation.ts","stable","139","model_library\units\e224d8984afe45418bdbb3643f396f42\manifest.json"
"0fc6e514fd724efd8480b3f5389d691e","u-140-0fc6e514","分形艺术(谢尔宾斯基三角形)","无限递归产生自相似结构，每个局部与整体相似","文化与思想实验","时空与尺度;非线性","艺术与数学","A级","8","draft","../../ExportBlock/分形艺术(谢尔宾斯基三角形) 0fc6e514fd724efd8480b3f5389d691e.md","./simulation.ts","oscillator","140","model_library\units\0fc6e514fd724efd8480b3f5389d691e\manifest.json"
"8d4eb00809074afe9d515f9e9b11c635","u-141-8d4eb008","音乐与数学(波形叠加)","和弦音程是小整数比时悦耳，复杂音色是多个正弦波叠加","文化与思想实验","时空与尺度;非线性","艺术与数学","A级","10","draft","../../ExportBlock/音乐与数学(波形叠加) 8d4eb00809074afe9d515f9e9b11c635.md","./simulation.ts","oscillator","141","model_library\units\8d4eb00809074afe9d515f9e9b11c635\manifest.json"
"54593ee4fc3c4efcb2e6b39efb3f8289","u-142-54593ee4","彩色混合(加色vs减色)","光混合(加色RGB)与颜料混合(减色CMY)规则相反","文化与思想实验","时空与尺度;非线性","艺术与数学","B级","6","draft","../../ExportBlock/彩色混合(加色vs减色) 54593ee4fc3c4efcb2e6b39efb3f8289.md","./simulation.ts","random","142","model_library\units\54593ee4fc3c4efcb2e6b39efb3f8289\manifest.json"
"78557497b7284cd18b97e0ce0149a69b","u-143-78557497","透视与灭点(绘画数学)","平行线在透视中汇聚于灭点，射影几何的应用","文化与思想实验","时空与尺度;非线性","艺术与数学","B级","6","draft","../../ExportBlock/透视与灭点(绘画数学) 78557497b7284cd18b97e0ce0149a69b.md","./simulation.ts","random","143","model_library\units\78557497b7284cd18b97e0ce0149a69b\manifest.json"
"48cd01a1698d48e2b0b2ac970b5d0e72","u-144-48cd01a1","密铺问题(平面填充)","哪些形状可以无缝填充平面，只有特定多边形组合可以","文化与思想实验","时空与尺度;非线性","艺术与数学","A级","10","draft","../../ExportBlock/密铺问题(平面填充) 48cd01a1698d48e2b0b2ac970b5d0e72.md","./simulation.ts","oscillator","144","model_library\units\48cd01a1698d48e2b0b2ac970b5d0e72\manifest.json"
"1ff65057a34b4005a4394570f940e763","u-145-1ff65057","分形音乐生成","利用分形结构生成音乐序列，自相似结构产生美感","文化与思想实验","时空与尺度;非线性","艺术与数学","B级","6","draft","../../ExportBlock/分形音乐生成 1ff65057a34b4005a4394570f940e763.md","./simulation.ts","random","145","model_library\units\1ff65057a34b4005a4394570f940e763\manifest.json"
"bb9c1478698f42c480e1d1a422175e41","u-146-bb9c1478","莫比乌斯带与克莱因瓶","只有一个面和一个边的曲面，打破内外之分","数学与计算","时空与尺度;非线性","数学趣题","B级","6","draft","../../ExportBlock/莫比乌斯带与克莱因瓶 bb9c1478698f42c480e1d1a422175e41.md","./simulation.ts","random","146","model_library\units\bb9c1478698f42c480e1d1a422175e41\manifest.json"
"26289ca6de2f4ee496bf4b444c519e69","u-147-26289ca6","隐写术(信息藏在图片里)","修改像素最低有效位藏入信息，肉眼不可见","数学与计算","编码与信息;优化","信息论与编码","B级","6","draft","../../ExportBlock/隐写术(信息藏在图片里) 26289ca6de2f4ee496bf4b444c519e69.md","./simulation.ts","random","147","model_library\units\26289ca6de2f4ee496bf4b444c519e69\manifest.json"
"78166bc5fc7f4fcfb81fece1d91f5184","u-148-78166bc5","混沌摄动(奇异吸引子绘画)","简单微分方程生成的复杂美丽图案，确定性与美的结合","文化与思想实验","时空与尺度;非线性","艺术与数学","A级","8","draft","../../ExportBlock/混沌摄动(奇异吸引子绘画) 78166bc5fc7f4fcfb81fece1d91f5184.md","./simulation.ts","oscillator","148","model_library\units\78166bc5fc7f4fcfb81fece1d91f5184\manifest.json"
"0719ebe1f2e348afb0f8bbbdde0551ed","u-149-0719ebe1","声音的傷叶图案(克拉德尼)","不同频率的声音驱动平面上的粒子形成特定几何图案","文化与思想实验","时空与尺度;非线性","艺术与数学","B级","6","draft","../../ExportBlock/声音的傷叶图案(克拉德尼) 0719ebe1f2e348afb0f8bbbdde0551ed.md","./simulation.ts","random","149","model_library\units\0719ebe1f2e348afb0f8bbbdde0551ed\manifest.json"
"555fe83d74d848e28d873c9eb6dbf10f","u-150-555fe83d","分形维度(非整数维度)","海岸线的长度取决于测量尺度，分形的维度是小数","文化与思想实验","时空与尺度;非线性","艺术与数学","B级","6","draft","../../ExportBlock/分形维度(非整数维度) 555fe83d74d848e28d873c9eb6dbf10f.md","./simulation.ts","random","150","model_library\units\555fe83d74d848e28d873c9eb6dbf10f\manifest.json"
"b76aba2df7a84184b80a042a28b4ab42","u-151-b76aba2d","布朗运动与扩散","微观随机碰撞产生宏观扩散，爱因斯坦的证据","自然与物理","平衡与稳定;时空与尺度;随机性","物理模拟","B级","6","draft","../../ExportBlock/布朗运动与扩散 b76aba2df7a84184b80a042a28b4ab42.md","./simulation.ts","random","151","model_library\units\b76aba2df7a84184b80a042a28b4ab42\manifest.json"
"95d9dabbad2041f29d8dc33a342a2eec","u-152-95d9dabb","多普勒效应(光与声)","波源与观察者相对运动时频率发生变化","自然与物理","平衡与稳定;时空与尺度;认知偏差","物理模拟","B级","6","draft","../../ExportBlock/多普勒效应(光与声) 95d9dabbad2041f29d8dc33a342a2eec.md","./simulation.ts","random","152","model_library\units\95d9dabbad2041f29d8dc33a342a2eec\manifest.json"
"ce0ea319f11c4efaa90207aae03a9a3f","u-153-ce0ea319","光的双缝干涉","光同时通过两条缝形成干涉条纹，波粒二象性的核心实验","自然与物理","平衡与稳定;时空与尺度","物理模拟","A级","10","draft","../../ExportBlock/光的双缝干涉 ce0ea319f11c4efaa90207aae03a9a3f.md","./simulation.ts","oscillator","153","model_library\units\ce0ea319f11c4efaa90207aae03a9a3f\manifest.json"
"190da8518eb94815bbf848c61db6aa15","u-154-190da851","弘恩谖论(廻徊型医院问题)","函数在所有点连续但处处不可微，反直觉的存在性","自然与物理","平衡与稳定;时空与尺度","物理模拟","B级","6","draft","../../ExportBlock/弘恩谖论(廻徊型医院问题) 190da8518eb94815bbf848c61db6aa15.md","./simulation.ts","random","154","model_library\units\190da8518eb94815bbf848c61db6aa15\manifest.json"
"d08fdf70e0ec42a6aad62fb41425aadf","u-155-d08fdf70","库仑勒抖动(物流堆叠)","周期性小结构的堆叠在特定尺度下产生意料之外的抖动","日常决策","平衡与稳定;时空与尺度","日常现象","B级","6","draft","../../ExportBlock/库仑勒抖动(物流堆叠) d08fdf70e0ec42a6aad62fb41425aadf.md","./simulation.ts","random","155","model_library\units\d08fdf70e0ec42a6aad62fb41425aadf\manifest.json"
"0247615fde444c409147eb3cbe35a0f1","u-156-0247615f","共振现象","外力频率接近系统固有频率时振幅急剧增大，塔科马桥崩塞","自然与物理","平衡与稳定;时空与尺度","物理模拟","A级","8","draft","../../ExportBlock/共振现象 0247615fde444c409147eb3cbe35a0f1.md","./simulation.ts","oscillator","156","model_library\units\0247615fde444c409147eb3cbe35a0f1\manifest.json"
"6fcf79a118d44d9f8014a1817f36a29b","u-157-6fcf79a1","网络效应(梅特卡夫定律)","网络价值与用户数的平方成正比，赢家通吃","社会与群体","网络传播;反馈;认知偏差","网络与传播","A级","8","draft","../../ExportBlock/网络效应(梅特卡夫定律) 6fcf79a118d44d9f8014a1817f36a29b.md","./simulation.ts","oscillator","157","model_library\units\6fcf79a118d44d9f8014a1817f36a29b\manifest.json"
"328967e628f94d68a8804f7fcfb14f6e","u-158-328967e6","三十六计·空城计","信息博弈中的反向信号：示弱可能是强的标志(信号博弈)","文化与思想实验","策略与风险;平衡与稳定;博弈","中华智慧","B级","6","draft","../../ExportBlock/三十六计·空城计 328967e628f94d68a8804f7fcfb14f6e.md","./simulation.ts","random","158","model_library\units\328967e628f94d68a8804f7fcfb14f6e\manifest.json"
"e26d9cfadf0148e59581af7b19876b52","u-159-e26d9cfa","三十六计·苦肉计","以自我牺牲为信号建立信任，信号发送成本与可信度","文化与思想实验","策略与风险;平衡与稳定;博弈","中华智慧","B级","6","draft","../../ExportBlock/三十六计·苦肉计 e26d9cfadf0148e59581af7b19876b52.md","./simulation.ts","random","159","model_library\units\e26d9cfadf0148e59581af7b19876b52\manifest.json"
"283005163b9f4e5481eedd711ebe3706","u-160-28300516","六度分隔与小世界网络","任意两人之间平均只隔6步连接，少量远程连接大幅缩短路径","社会与群体","网络传播;反馈","网络与传播","A级","10","draft","../../ExportBlock/六度分隔与小世界网络 283005163b9f4e5481eedd711ebe3706.md","./simulation.ts","oscillator","160","model_library\units\283005163b9f4e5481eedd711ebe3706\manifest.json"
"1fea4770a69f46ae844396dff8a2f8e9","u-161-1fea4770","马太效应(贫富分化动力学)","富者愈富穷者愈穷，优势累积导致指数级不平等","市场与系统","反馈;策略与风险;认知偏差","经济与金融","A级","10","draft","../../ExportBlock/马太效应(贫富分化动力学) 1fea4770a69f46ae844396dff8a2f8e9.md","./simulation.ts","oscillator","161","model_library\units\1fea4770a69f46ae844396dff8a2f8e9\manifest.json"
"54effafd5cf24314b3be19ecfaf05d45","u-162-54effafd","拍卖理论(不同拍卖机制)","英式/荷兰式/密封式拍卖产生不同行为但收入等价(收入等价定理)","市场与系统","反馈;策略与风险;博弈","经济与金融","B级","6","draft","../../ExportBlock/拍卖理论(不同拍卖机制) 54effafd5cf24314b3be19ecfaf05d45.md","./simulation.ts","random","162","model_library\units\54effafd5cf24314b3be19ecfaf05d45\manifest.json"
"4cb1e0e3262d488a92f294e159c38b7b","u-163-4cb1e0e3","反向传播神经网络","多层感知器通过梯度下降学习，每个神经元只做简单计算但组合产生智能","数学与计算","编码与信息;优化;网络传播","信息论与编码","A级","10","draft","../../ExportBlock/反向传播神经网络 4cb1e0e3262d488a92f294e159c38b7b.md","./simulation.ts","oscillator","163","model_library\units\4cb1e0e3262d488a92f294e159c38b7b\manifest.json"
"769c3f7c081544bba1bd53fdda7e85b9","u-164-769c3f7c","大数定律与小数定律","样本越大越接近真实概率，但小样本的偏差极大","数学与计算","随机性;时空与尺度;认知偏差","概率与统计直觉","A级","8","draft","../../ExportBlock/大数定律与小数定律 769c3f7c081544bba1bd53fdda7e85b9.md","./simulation.ts","oscillator","164","model_library\units\769c3f7c081544bba1bd53fdda7e85b9\manifest.json"
"a65461aeaff64d889a51dd491fb6a12e","u-165-a65461ae","布尔代数与逻辑门","AND/OR/NOT组合可计算任何逻辑，计算机的底层基础","数学与计算","编码与信息;优化","信息论与编码","B级","6","draft","../../ExportBlock/布尔代数与逻辑门 a65461aeaff64d889a51dd491fb6a12e.md","./simulation.ts","random","165","model_library\units\a65461aeaff64d889a51dd491fb6a12e\manifest.json"
"d5151e3124324ae3a0a2a18a31ec687d","u-166-d5151e31","惠更斯标度变换","质点沿圆周的轨迹在不同参照系下呈现不同曲线","自然与物理","平衡与稳定;时空与尺度","物理模拟","B级","6","draft","../../ExportBlock/惠更斯标度变换 d5151e3124324ae3a0a2a18a31ec687d.md","./simulation.ts","random","166","model_library\units\d5151e3124324ae3a0a2a18a31ec687d\manifest.json"
"6e0b4faad54e46c69a829baa41d0b2ce","u-167-6e0b4faa","调和级数与音率","弦的振动分解为基频+整数倍波，谐波系列决定音色","文化与思想实验","时空与尺度;非线性","艺术与数学","B级","6","draft","../../ExportBlock/调和级数与音率 6e0b4faad54e46c69a829baa41d0b2ce.md","./simulation.ts","random","167","model_library\units\6e0b4faad54e46c69a829baa41d0b2ce\manifest.json"
"01a70ce6da34467a8939a2488d79bed2","u-168-01a70ce6","反身比例要数定理","随机数据中以数字1开头的概率约30%而非1/9，违反直觉","数学与计算","时空与尺度;非线性;随机性","数学趣题","B级","6","draft","../../ExportBlock/反身比例要数定理 01a70ce6da34467a8939a2488d79bed2.md","./simulation.ts","random","168","model_library\units\01a70ce6da34467a8939a2488d79bed2\manifest.json"
"d1a87082ace847fcad328d46c185261c","u-169-d1a87082","团灵机(图灵完备)","一条无限纸带+有限状态即可计算任何可计算函数","数学与计算","编码与信息;优化","信息论与编码","A级","10","draft","../../ExportBlock/团灵机(图灵完备) d1a87082ace847fcad328d46c185261c.md","./simulation.ts","oscillator","169","model_library\units\d1a87082ace847fcad328d46c185261c\manifest.json"
"d35cc1135b6d48aa80e0560f5ac61f2b","u-170-d35cc113","三十六计·连环计","多步规划中每一步为下一步创造条件，多米诺骨牌效应","文化与思想实验","策略与风险;平衡与稳定;认知偏差","中华智慧","B级","6","draft","../../ExportBlock/三十六计·连环计 d35cc1135b6d48aa80e0560f5ac61f2b.md","./simulation.ts","random","170","model_library\units\d35cc1135b6d48aa80e0560f5ac61f2b\manifest.json"
"584c5e54bfbf4a4c90ec4bf67c431b3b","u-171-584c5e54","兆罗每尼拿取博弈","取最后一个物品的人输，逆向分析可得必胜策略","日常决策","博弈;策略与风险","博弈与策略","B级","6","draft","../../ExportBlock/兆罗每尼拿取博弈 584c5e54bfbf4a4c90ec4bf67c431b3b.md","./simulation.ts","random","171","model_library\units\584c5e54bfbf4a4c90ec4bf67c431b3b\manifest.json"
"e0cd76b5fa7a46f5a412cc4283821b5b","u-172-e0cd76b5","先手优势与后手优势","某些博弈先手必胜某些后手必胜，取决于规则结构","日常决策","博弈;策略与风险","博弈与策略","B级","6","draft","../../ExportBlock/先手优势与后手优势 e0cd76b5fa7a46f5a412cc4283821b5b.md","./simulation.ts","random","172","model_library\units\e0cd76b5fa7a46f5a412cc4283821b5b\manifest.json"
"e9c75d2832914b479d45a0ffa9ea4fcf","u-173-e9c75d28","飞行时间膌变慢(狗义相对论)","速度越快时间越慢，光速不可超越","自然与物理","平衡与稳定;时空与尺度;非线性","物理模拟","A级","10","draft","../../ExportBlock/飞行时间膌变慢(狗义相对论) e9c75d2832914b479d45a0ffa9ea4fcf.md","./simulation.ts","oscillator","173","model_library\units\e9c75d2832914b479d45a0ffa9ea4fcf\manifest.json"
"57a70ba026454f908988f3041ae777d3","u-174-57a70ba0","双缝实验(观察者效应)","观察是否发生决定干涉条纹是否出现，量子力学的核心谜题","自然与物理","平衡与稳定;时空与尺度;认知偏差","物理模拟","A级","10","draft","../../ExportBlock/双缝实验(观察者效应) 57a70ba026454f908988f3041ae777d3.md","./simulation.ts","oscillator","174","model_library\units\57a70ba026454f908988f3041ae777d3\manifest.json"
"330420f2db454402a40b971cc9dd91f5","u-175-330420f2","市场微观结构(订单簿可视化)","买卖订单匹配形成价格，Bid-Ask差价反映流动性","市场与系统","反馈;策略与风险","经济与金融","B级","6","draft","../../ExportBlock/市场微观结构(订单簿可视化) 330420f2db454402a40b971cc9dd91f5.md","./simulation.ts","random","175","model_library\units\330420f2db454402a40b971cc9dd91f5\manifest.json"
"3000ea97abff49759d6fef67dc6511a7","u-176-3000ea97","报童问题(最优分配)","如何分蛋糕使得最不满意的人也满意，“我切你选”策略","数学与计算","时空与尺度;非线性;博弈","数学趣题","B级","6","draft","../../ExportBlock/报童问题(最优分配) 3000ea97abff49759d6fef67dc6511a7.md","./simulation.ts","random","176","model_library\units\3000ea97abff49759d6fef67dc6511a7\manifest.json"
"d4035a6b6ecb44428eb6956bdba325bb","u-177-d4035a6b","元胞自动机规则110","极简规则产生图灵完备的复杂度，Wolfram的发现","自然与物理","涌现;反馈;编码与信息","涌现与自组织","B级","6","draft","../../ExportBlock/元胞自动机规则110 d4035a6b6ecb44428eb6956bdba325bb.md","./simulation.ts","random","177","model_library\units\d4035a6b6ecb44428eb6956bdba325bb\manifest.json"
"9d16c1902e95401cb38a4159f3907c45","u-178-9d16c190","反应扩散方程(图灵斑纹)","扩散+反应产生动物表皮斑纹、斑点、条纹等自组织图案","自然与物理","涌现;反馈;编码与信息","涌现与自组织","A级","10","draft","../../ExportBlock/反应扩散方程(图灵斑纹) 9d16c1902e95401cb38a4159f3907c45.md","./simulation.ts","oscillator","178","model_library\units\9d16c1902e95401cb38a4159f3907c45\manifest.json"
"7f9f9667ad2443ba9d4e288e3a8a863b","u-179-7f9f9667","交通流模拟(幽灵堵车)","无明显原因的堵车产生于微小扰动的放大效应，密度波向后传播","日常决策","平衡与稳定;时空与尺度;网络传播","日常现象","A级","10","draft","../../ExportBlock/交通流模拟(幽灵堵车) 7f9f9667ad2443ba9d4e288e3a8a863b.md","./simulation.ts","oscillator","179","model_library\units\7f9f9667ad2443ba9d4e288e3a8a863b\manifest.json"
"b60dc3ef3f244e71b11d9114e7e4ea88","u-180-b60dc3ef","维诺格拉德图(空间分割)","给定种子点，空间中每个点属于最近的种子，自然界广泛存在","数学与计算","时空与尺度;非线性","数学趣题","B级","6","draft","../../ExportBlock/维诺格拉德图(空间分割) b60dc3ef3f244e71b11d9114e7e4ea88.md","./simulation.ts","random","180","model_library\units\b60dc3ef3f244e71b11d9114e7e4ea88\manifest.json"
"109586c2e925405e9c93b7b763dbd3d2","u-181-109586c2","拍频现象(车轮倒转)","采样频率与旋转频率不匹配时产生偏觉，车轮看似倒转","日常决策","平衡与稳定;时空与尺度","日常现象","B级","6","draft","../../ExportBlock/拍频现象(车轮倒转) 109586c2e925405e9c93b7b763dbd3d2.md","./simulation.ts","random","181","model_library\units\109586c2e925405e9c93b7b763dbd3d2\manifest.json"
"7da703a524994d22b7c0231584e86550","u-182-7da703a5","维度诅咒(高维空间直觉)","高维空间中大部分体积集中在表面，随机点几乎都远离中心","数学与计算","时空与尺度;非线性;随机性","数学趣题","A级","10","draft","../../ExportBlock/维度诅咒(高维空间直觉) 7da703a524994d22b7c0231584e86550.md","./simulation.ts","oscillator","182","model_library\units\7da703a524994d22b7c0231584e86550\manifest.json"
"e702f6eeab2c42c896e12610e18862ff","u-183-e702f6ee","文化演化与模因","思想像基因一样复制、变异、竞争，进化论适用于文化传播","社会与群体","认知偏差;网络传播","群体心理","A级","10","draft","../../ExportBlock/文化演化与模因 e702f6eeab2c42c896e12610e18862ff.md","./simulation.ts","oscillator","183","model_library\units\e702f6eeab2c42c896e12610e18862ff\manifest.json"
"f319fd024db2449889a6fb903ffa4cbc","u-184-f319fd02","布里丹博弈(分钱策略)","将军按比例分配兵力到多个战场，各战场投入多者胜，最优分配非直觉","日常决策","博弈;策略与风险;平衡与稳定","博弈与策略","B级","6","draft","../../ExportBlock/布里丹博弈(分钱策略) f319fd024db2449889a6fb903ffa4cbc.md","./simulation.ts","random","184","model_library\units\f319fd024db2449889a6fb903ffa4cbc\manifest.json"
"06390453fda84147b7d393f7e5bac73e","u-185-06390453","辟谣效应(逆火效应)","纠正谣言反而强化原有信念，重复谣言内容增加熟悉度","日常决策","认知偏差;策略与风险;网络传播","认知偏差","B级","6","draft","../../ExportBlock/辟谣效应(逆火效应) 06390453fda84147b7d393f7e5bac73e.md","./simulation.ts","random","185","model_library\units\06390453fda84147b7d393f7e5bac73e\manifest.json"
"2cac47b6a8bd407489b2f8a800c21757","u-186-2cac47b6","恶性通货膨胀轮","印钱→货币贬值→发更多钱补贴→更多贬值，正反馈崩溃","市场与系统","反馈;策略与风险","经济与金融","B级","6","draft","../../ExportBlock/恶性通货膨胀轮 2cac47b6a8bd407489b2f8a800c21757.md","./simulation.ts","random","186","model_library\units\2cac47b6a8bd407489b2f8a800c21757\manifest.json"
"5fb929370ffd4454902b42ce98c2d699","u-187-5fb92937","规模法则(尺度与结构)","体积增长比表面积快，所以大象不能有蚊子的形状，巨人會被自己压垃","自然与物理","涌现;平衡与稳定;时空与尺度","生物与生态","B级","6","draft","../../ExportBlock/规模法则(尺度与结构) 5fb929370ffd4454902b42ce98c2d699.md","./simulation.ts","random","187","model_library\units\5fb929370ffd4454902b42ce98c2d699\manifest.json"
"ce4f5a1e585a4619b6368a04e1a9c78c","u-188-ce4f5a1e","拼图可解性(组合爆炸)","棋盘/密码/卸化解街等问题的可能组合指数级增长，NP难问题直觉","数学与计算","时空与尺度;非线性","数学趣题","B级","6","draft","../../ExportBlock/拼图可解性(组合爆炸) ce4f5a1e585a4619b6368a04e1a9c78c.md","./simulation.ts","random","188","model_library\units\ce4f5a1e585a4619b6368a04e1a9c78c\manifest.json"
"c4d41f6208dc4bc0881b847395ac6f78","u-189-c4d41f62","浑沌边缘(相变)","有序与混沌的边界上发生最丰富的现象，复杂性的起源","自然与物理","非线性;反馈","混沌与非线性","A级","8","draft","../../ExportBlock/浑沌边缘(相变) c4d41f6208dc4bc0881b847395ac6f78.md","./simulation.ts","oscillator","189","model_library\units\c4d41f6208dc4bc0881b847395ac6f78\manifest.json"
"e60e3d576fa14607917ffe2fdb43d986","u-190-e60e3d57","三十六计·欲擒故纵","短期放弃以获取长期更大回报，延迟满足的博弈版","文化与思想实验","策略与风险;平衡与稳定;博弈","中华智慧","B级","6","draft","../../ExportBlock/三十六计·欲擒故纵 e60e3d576fa14607917ffe2fdb43d986.md","./simulation.ts","random","190","model_library\units\e60e3d576fa14607917ffe2fdb43d986\manifest.json"
"eb8b9139cf384212b6ab4663be9f51ad","u-191-eb8b9139","调和分析(任何形状=圆之和)","任何周期函数可分解为正弦之和，圆的叠加产生任意形状","文化与思想实验","时空与尺度;非线性","艺术与数学","A级","10","draft","../../ExportBlock/调和分析(任何形状=圆之和) eb8b9139cf384212b6ab4663be9f51ad.md","./simulation.ts","oscillator","191","model_library\units\eb8b9139cf384212b6ab4663be9f51ad\manifest.json"
"8dce8db63e1244c8bdc4fe28610f7a3d","u-192-8dce8db6","种子用户与技术采纳曲线","新技术采纳沿S曲线传播：创新者→早期采用者→多数→落后者","社会与群体","网络传播;反馈","网络与传播","B级","6","draft","../../ExportBlock/种子用户与技术采纳曲线 8dce8db63e1244c8bdc4fe28610f7a3d.md","./simulation.ts","random","192","model_library\units\8dce8db63e1244c8bdc4fe28610f7a3d\manifest.json"
"570bf1a3cf8b40e78249cd16cb0c2cb1","u-193-570bf1a3","热传导与温度平衡","热量从高温向低温流动直到均匀，熵增的直觉演示","自然与物理","平衡与稳定;时空与尺度;编码与信息","物理模拟","B级","6","draft","../../ExportBlock/热传导与温度平衡 570bf1a3cf8b40e78249cd16cb0c2cb1.md","./simulation.ts","random","193","model_library\units\570bf1a3cf8b40e78249cd16cb0c2cb1\manifest.json"
"b64dd30b627c4730bc6d93edafa4950e","u-194-b64dd30b","库洛纳数(黄金分割)","分割偶数为两素数之和（哥德巴赫猜想的可视化）","文化与思想实验","策略与风险;平衡与稳定;时空与尺度","中华智慧","B级","6","draft","../../ExportBlock/库洛纳数(黄金分割) b64dd30b627c4730bc6d93edafa4950e.md","./simulation.ts","random","194","model_library\units\b64dd30b627c4730bc6d93edafa4950e\manifest.json"
"7c7f85d16f4f49fc881a21e8108555fc","u-195-7c7f85d1","肥皂泡和最小曲面","肥皂泡自动形成最小表面积结构，自然界的优化结果","自然与物理","平衡与稳定;时空与尺度;优化","物理模拟","B级","6","draft","../../ExportBlock/肥皂泡和最小曲面 7c7f85d16f4f49fc881a21e8108555fc.md","./simulation.ts","random","195","model_library\units\7c7f85d16f4f49fc881a21e8108555fc\manifest.json"
"68addef599c841ad9131e5842769e098","u-196-68addef5","三体问题(不可预测性)","三个天体引力互作用无解析解，确定性规则产生不可预测轨迹","自然与物理","非线性;反馈","混沌与非线性","A级","10","draft","../../ExportBlock/三体问题(不可预测性) 68addef599c841ad9131e5842769e098.md","./simulation.ts","oscillator","196","model_library\units\68addef599c841ad9131e5842769e098\manifest.json"
"226b18a002af43acad2af3dfeb409ca8","u-197-226b18a0","三十六计·美人计(注意力博弈)","通过分散对方注意力降低其决策质量，有限注意力资源的博弈","文化与思想实验","策略与风险;平衡与稳定;博弈","中华智慧","B级","6","draft","../../ExportBlock/三十六计·美人计(注意力博弈) 226b18a002af43acad2af3dfeb409ca8.md","./simulation.ts","random","197","model_library\units\226b18a002af43acad2af3dfeb409ca8\manifest.json"
"2cf3b303f18e410db6ec47c7e2bf12e6","u-198-2cf3b303","排队论与服务设计","到达率接近服务率时等待时间急剧上升，单队vs多队的差异","日常决策","平衡与稳定;时空与尺度","日常现象","B级","6","draft","../../ExportBlock/排队论与服务设计 2cf3b303f18e410db6ec47c7e2bf12e6.md","./simulation.ts","random","198","model_library\units\2cf3b303f18e410db6ec47c7e2bf12e6\manifest.json"
"be148a5a40f841ff95743858b3902b7d","u-199-be148a5a","马尔可夫链与文本生成","基于前文概率的词语生成，GPT的最简化原理","数学与计算","编码与信息;优化;随机性","信息论与编码","B级","6","draft","../../ExportBlock/马尔可夫链与文本生成 be148a5a40f841ff95743858b3902b7d.md","./simulation.ts","random","199","model_library\units\be148a5a40f841ff95743858b3902b7d\manifest.json"
"057445adc3f8443aaa74f314248e7182","u-200-057445ad","万物理论(宇宙起源简史)","从大爆炸到元素形成到星系形成，简单规则的层层涌现","自然与物理","平衡与稳定;时空与尺度;涌现","物理模拟","S级","20","draft","../../ExportBlock/万物理论(宇宙起源简史) 057445adc3f8443aaa74f314248e7182.md","./simulation.ts","stable","200","model_library\units\057445adc3f8443aaa74f314248e7182\manifest.json"
